id,first_name,last_name,created_at,updated_at
14,Casimer,Hettinger,2012-03-27 14:54:13 UTC,2012-03-27 14:54:13 UTC
28,Wilfred,Emmerich,2012-03-27 14:54:16 UTC,2012-03-27 14:54:16 UTC
52,Einar,Rodriguez,2012-03-27 14:54:21 UTC,2012-03-27 14:54:21 UTC
232,Dane,Lubowitz,2012-03-27 14:55:06 UTC,2012-03-27 14:55:06 UTC
271,Minnie,Ward,2012-03-27 14:55:15 UTC,2012-03-27 14:55:15 UTC
51,Adelbert,Stark,2012-03-27 14:54:21 UTC,2012-03-27 14:54:21 UTC
339,Darien,Becker,2012-03-27 14:55:34 UTC,2012-03-27 14:55:34 UTC
500,Hailey,Veum,2012-03-27 14:56:08 UTC,2012-03-27 14:56:08 UTC
508,Benton,Buckridge,2012-03-27 14:56:10 UTC,2012-03-27 14:56:10 UTC
811,Jett,Gaylord,2012-03-27 14:57:29 UTC,2012-03-27 14:57:29 UTC
933,Amanda,Mosciski,2012-03-27 14:58:00 UTC,2012-03-27 14:58:00 UTC
949,Mervin,Keeling,2012-03-27 14:58:03 UTC,2012-03-27 14:58:03 UTC
106,Davonte,Vandervort,2012-03-27 14:54:34 UTC,2012-03-27 14:54:34 UTC
128,Ernesto,Gleason,2012-03-27 14:54:40 UTC,2012-03-27 14:54:40 UTC
319,Elmer,Konopelski,2012-03-27 14:55:29 UTC,2012-03-27 14:55:29 UTC
389,Marvin,Quigley,2012-03-27 14:55:44 UTC,2012-03-27 14:55:44 UTC
441,Emanuel,Trantow,2012-03-27 14:55:56 UTC,2012-03-27 14:55:56 UTC
452,Favian,Watsica,2012-03-27 14:55:57 UTC,2012-03-27 14:55:57 UTC
471,Friedrich,Corkery,2012-03-27 14:56:02 UTC,2012-03-27 14:56:02 UTC
473,Sallie,McClure,2012-03-27 14:56:03 UTC,2012-03-27 14:56:03 UTC
592,Carolanne,Williamson,2012-03-27 14:56:32 UTC,2012-03-27 14:56:32 UTC
641,Carolyn,Jewess,2012-03-27 14:56:45 UTC,2012-03-27 14:56:45 UTC
785,Mina,Walsh,2012-03-27 14:57:21 UTC,2012-03-27 14:57:21 UTC
182,Mia,Thiel,2012-03-27 14:54:54 UTC,2012-03-27 14:54:54 UTC
220,Roma,Ryan,2012-03-27 14:55:04 UTC,2012-03-27 14:55:04 UTC
285,Freda,Kunde,2012-03-27 14:55:19 UTC,2012-03-27 14:55:19 UTC
34,Henderson,Hackett,2012-03-27 14:54:18 UTC,2012-03-27 14:54:18 UTC
116,Marianne,Hauck,2012-03-27 14:54:37 UTC,2012-03-27 14:54:37 UTC
125,Susanna,Rowe,2012-03-27 14:54:39 UTC,2012-03-27 14:54:39 UTC
78,Ron,Flatley,2012-03-27 14:54:28 UTC,2012-03-27 14:54:28 UTC
112,Destiney,Legros,2012-03-27 14:54:36 UTC,2012-03-27 14:54:36 UTC
259,Levi,Ratke,2012-03-27 14:55:12 UTC,2012-03-27 14:55:12 UTC
292,Wilfred,Mitchell,2012-03-27 14:55:21 UTC,2012-03-27 14:55:21 UTC
33,Flossie,Lubowitz,2012-03-27 14:54:18 UTC,2012-03-27 14:54:18 UTC
74,Ralph,Paucek,2012-03-27 14:54:26 UTC,2012-03-27 14:54:26 UTC
127,Brandyn,Cormier,2012-03-27 14:54:39 UTC,2012-03-27 14:54:39 UTC
160,Janis,Koss,2012-03-27 14:54:49 UTC,2012-03-27 14:54:49 UTC
123,Brooks,Lind,2012-03-27 14:54:38 UTC,2012-03-27 14:54:38 UTC
157,Kellen,Haag,2012-03-27 14:54:48 UTC,2012-03-27 14:54:48 UTC
206,Oda,Schinner,2012-03-27 14:55:00 UTC,2012-03-27 14:55:00 UTC
255,Rita,Wiegand,2012-03-27 14:55:11 UTC,2012-03-27 14:55:11 UTC
367,Stevie,Brekke,2012-03-27 14:55:39 UTC,2012-03-27 14:55:39 UTC
